Ch;Frequency;Dup;Offset;TS;Mode;Name;SKIP;TONE;Repeater Tone;TSQL Frequency;DTCS Code;DTCS Polarity;DV SQL;DV CSQL Code;Your Call Sign;RPT1 Call Sign;RPT2 Call Sign
0;145,337500;OFF;0,600000;25kHz;FM;ARI MN - V;OFF;OFF;88,5Hz;88,5Hz;023;BOTH N;OFF;0;CQCQCQ;;
0;433,837500;OFF;7,600000;25kHz;FM;ARI MN - U;OFF;OFF;88,5Hz;88,5Hz;023;BOTH N;OFF;0;CQCQCQ;;
0;145,462500;OFF;0,600000;25kHz;FM;ARI VR - V;OFF;OFF;88,5Hz;88,5Hz;023;BOTH N;OFF;0;CQCQCQ;;
0;430,925000;DUP+;0,000000;25kHz;DV;HOTSPOT;OFF;OFF;88,5Hz;88,5Hz;023;BOTH N;OFF;0;CQCQCQ;IU2FRL K;IU2FRL G
0;;;;;;;;;;;;;;;;;
0;145,775000;DUP-;0,600000;6,25kHz;FM-N;R7 Gargano;OFF;OFF;88,5Hz;88,5Hz;023;BOTH N;OFF;0;CQCQCQ;;
0;430,200000;DUP+;1,600000;6,25kHz;FM;IR6UQ;OFF;OFF;88,5Hz;88,5Hz;023;BOTH N;OFF;0;CQCQCQ;;
0;430,087500;DUP+;1,600000;6,25kHz;FM;IR6UAE;OFF;TONE;88,5Hz;88,5Hz;023;BOTH N;OFF;0;CQCQCQ;;
0;;;;;;;;;;;;;;;;;
0;;;;;;;;;;;;;;;;;
0;145,550000;OFF;0,600000;25kHz;FM;YOTA 17 UK;OFF;OFF;67,0Hz;88,5Hz;023;BOTH N;OFF;0;CQCQCQ;;
0;145,525000;OFF;0,600000;6,25kHz;FM;YOTA 17 IT;OFF;OFF;88,5Hz;88,5Hz;023;BOTH N;OFF;0;CQCQCQ;;
0;;;;;;;;;;;;;;;;;
0;;;;;;;;;;;;;;;;;
0;;;;;;;;;;;;;;;;;
0;;;;;;;;;;;;;;;;;
0;;;;;;;;;;;;;;;;;
0;;;;;;;;;;;;;;;;;
0;;;;;;;;;;;;;;;;;
0;;;;;;;;;;;;;;;;;
0;430,350000;DUP+;5,000000;6,25kHz;FM;Rpt Superga;SKIP;TONE;82,5Hz;67,0Hz;023;BOTH N;OFF;0;CQCQCQ;;
0;430,300000;DUP+;1,600000;25kHz;FM;Link Nazionale;SKIP;TONE;88,5Hz;88,5Hz;023;BOTH N;OFF;0;CQCQCQ;;
0;430,025000;DUP+;1,600000;25kHz;FM;RU1 - VR;OFF;TONE;94,8Hz;88,5Hz;023;BOTH N;OFF;0;CQCQCQ;;
0;430,050000;DUP+;5,025000;25kHz;FM;RU2 - Baldo;OFF;TONE;94,8Hz;88,5Hz;023;BOTH N;OFF;0;CQCQCQ;;
0;430,175000;DUP+;1,600000;25kHz;FM;RU7 - Bologna;SKIP;TONE;77,0Hz;88,5Hz;023;BOTH N;OFF;0;CQCQCQ;;
0;430,412500;DUP+;5,000000;25kHz;FM;IR3UX;SKIP;TONE;94,8Hz;88,5Hz;023;BOTH N;OFF;0;CQCQCQ;;
0;430,412500;DUP+;5,000000;25kHz;FM;IR3UX TSQL;OFF;TSQL;88,5Hz;94,8Hz;023;BOTH N;OFF;0;CQCQCQ;;
0;145,600000;DUP-;0,600000;25kHz;FM;R0 - Polinago;SKIP;TONE;71,9Hz;88,5Hz;023;BOTH N;OFF;0;CQCQCQ;;
0;145,725000;DUP-;0,600000;25kHz;FM;R5 - Bosco;SKIP;TONE;94,8Hz;88,5Hz;023;BOTH N;OFF;0;CQCQCQ;;
0;145,775000;DUP-;0,600000;25kHz;FM;R7 - Pastrengo;SKIP;TONE;94,8Hz;88,5Hz;023;BOTH N;OFF;0;CQCQCQ;;
0;430,137500;DUP+;1,600000;25kHz;FM;RU5a - Cimone;SKIP;OFF;88,5Hz;88,5Hz;023;BOTH N;OFF;0;CQCQCQ;;
0;145,725000;DUP-;0,600000;25kHz;FM;R5 - Verona;SKIP;TONE;94,8Hz;88,5Hz;023;BOTH N;OFF;0;CQCQCQ;;
0;145,775000;DUP-;0,600000;25kHz;FM;R7 - Verona;SKIP;TONE;94,8Hz;88,5Hz;023;BOTH N;OFF;0;CQCQCQ;;
0;145,675000;DUP-;0,600000;25kHz;FM;R3 PARMA;OFF;OFF;67,0Hz;88,5Hz;023;BOTH N;OFF;0;CQCQCQ;;
0;430,950000;DUP+;7,600000;12,5kHz;FM;UHF LONDRA;SKIP;TONE;82,5Hz;88,5Hz;023;BOTH N;OFF;0;CQCQCQ;;
0;145,600000;DUP-;0,600000;6,25kHz;FM;MONTECASSINO;SKIP;TONE;67,0Hz;88,5Hz;023;BOTH N;OFF;0;CQCQCQ;;
0;430,400000;DUP+;5,550000;25kHz;FM;VELO VR;OFF;TONE;94,8Hz;88,5Hz;023;BOTH N;OFF;0;CQCQCQ;;
0;144,187500;OFF;0,600000;25kHz;FM;Ingresso VHF;SKIP;DTCS;88,5Hz;88,5Hz;255;BOTH N;OFF;0;CQCQCQ;;
0;437,887500;DUP-;7,000000;6,25kHz;FM;RPT TEST;OFF;TONE;136,5Hz;88,5Hz;023;BOTH N;OFF;0;CQCQCQ;;
0;437,887500;DUP-;7,000000;25kHz;FM;IQ2MM  FM;OFF;TONE;71,9Hz;88,5Hz;023;BOTH N;OFF;0;CQCQCQ;IQ2MM  B;IQ2MM  B
0;437,887500;DUP-;7,000000;25kHz;FM;IQ2MM FM TSQ;OFF;TSQL;88,5Hz;71,9Hz;023;BOTH N;OFF;0;CQCQCQ;;
0;;;;;;;;;;;;;;;;;
0;;;;;;;;;;;;;;;;;
0;;;;;;;;;;;;;;;;;
0;;;;;;;;;;;;;;;;;
0;163,900000;DUP-;4,600000;25kHz;FM;Rally C1;SKIP;TONE;136,5Hz;88,5Hz;023;BOTH N;OFF;0;CQCQCQ;;
0;163,925000;DUP-;4,600000;25kHz;FM;Rally C2;SKIP;TONE;136,5Hz;88,5Hz;023;BOTH N;OFF;0;CQCQCQ;;
0;163,950000;DUP-;4,600000;25kHz;FM;Rally C3;SKIP;TONE;136,5Hz;88,5Hz;023;BOTH N;OFF;0;CQCQCQ;;
0;163,975000;DUP-;4,600000;25kHz;FM;Rally C4;SKIP;TONE;136,5Hz;88,5Hz;023;BOTH N;OFF;0;CQCQCQ;;
0;437,412500;DUP-;7,000000;25kHz;FM;Rally U1;SKIP;TONE;136,5Hz;88,5Hz;023;BOTH N;OFF;0;CQCQCQ;;
0;437,887500;DUP-;7,000000;25kHz;FM;Rally U2;SKIP;TONE;136,5Hz;88,5Hz;023;BOTH N;OFF;0;CQCQCQ;;
0;437,937500;DUP-;7,300000;25kHz;FM;Rally U3;SKIP;TONE;136,5Hz;88,5Hz;023;BOTH N;OFF;0;CQCQCQ;;
0;163,900000;DUP-;4,600000;25kHz;FM;Rally C1 TSQ;SKIP;OFF;136,5Hz;136,5Hz;023;BOTH N;OFF;0;CQCQCQ;;
0;163,925000;DUP-;4,600000;25kHz;FM;Rally C2 TSQ;SKIP;OFF;136,5Hz;136,5Hz;023;BOTH N;OFF;0;CQCQCQ;;
0;163,950000;DUP-;4,600000;25kHz;FM;Rally C3 TSQ;SKIP;OFF;136,5Hz;136,5Hz;023;BOTH N;OFF;0;CQCQCQ;;
0;163,975000;DUP-;4,600000;25kHz;FM;Rally C4 TSQ;SKIP;OFF;136,5Hz;136,5Hz;023;BOTH N;OFF;0;CQCQCQ;;
0;437,412500;DUP-;7,000000;25kHz;FM;Rally U1 TSQ;SKIP;OFF;136,5Hz;136,5Hz;023;BOTH N;OFF;0;CQCQCQ;;
0;437,887500;DUP-;7,000000;25kHz;FM;Rally U2 TSQ;SKIP;OFF;136,5Hz;136,5Hz;023;BOTH N;OFF;0;CQCQCQ;;
0;437,937500;DUP-;7,300000;25kHz;FM;Rally U3 TSQ;SKIP;OFF;136,5Hz;136,5Hz;023;BOTH N;OFF;0;CQCQCQ;;
0;;;;;;;;;;;;;;;;;
0;;;;;;;;;;;;;;;;;
0;;;;;;;;;;;;;;;;;
0;;;;;;;;;;;;;;;;;
0;;;;;;;;;;;;;;;;;
0;119,400000;OFF;0,000000;8,33kHz;AM;Orlando APP1;OFF;OFF;88,5Hz;88,5Hz;023;BOTH N;OFF;0;CQCQCQ;;
0;136,525000;OFF;0,000000;8,33kHz;AM;Londra WTH2;OFF;OFF;88,5Hz;88,5Hz;023;BOTH N;OFF;0;CQCQCQ;;
0;135,383333;OFF;0,000000;8,33kHz;AM;Londra WTH;OFF;OFF;88,5Hz;88,5Hz;023;BOTH N;OFF;0;CQCQCQ;;
0;120,725000;OFF;0,000000;8,33kHz;AM;Padova AIR;OFF;OFF;88,5Hz;88,5Hz;023;BOTH N;OFF;0;CQCQCQ;;
0;124,150000;OFF;0,000000;8,33kHz;AM;PADOVA TWR;OFF;OFF;88,5Hz;88,5Hz;023;BOTH N;OFF;0;CQCQCQ;;
0;119,650000;OFF;0,000000;8,33kHz;AM;AEROP TN;OFF;OFF;88,5Hz;88,5Hz;023;BOTH N;OFF;0;CQCQCQ;;
0;128,650000;OFF;0,000000;8,33kHz;AM;SJU APPR;OFF;OFF;88,5Hz;88,5Hz;023;BOTH N;OFF;0;CQCQCQ;;
0;120,900000;OFF;0,000000;8,33kHz;AM;SJU DEP N/E;OFF;OFF;88,5Hz;88,5Hz;023;BOTH N;OFF;0;CQCQCQ;;
0;119,400000;OFF;0,000000;8,33kHz;AM;SJU DEP W/S;OFF;OFF;88,5Hz;88,5Hz;023;BOTH N;OFF;0;CQCQCQ;;
0;121,900000;OFF;0,000000;8,33kHz;AM;SJU GND;OFF;OFF;88,5Hz;88,5Hz;023;BOTH N;OFF;0;CQCQCQ;;
0;132,050000;OFF;0,000000;8,33kHz;AM;SJU TWR;OFF;OFF;88,5Hz;88,5Hz;023;BOTH N;OFF;0;CQCQCQ;;
0;119,400000;OFF;0,000000;8,33kHz;AM;Montich TWR1;OFF;OFF;88,5Hz;88,5Hz;023;BOTH N;OFF;0;CQCQCQ;;
0;124,130000;OFF;0,000000;8,33kHz;AM;METEO VR;OFF;OFF;88,5Hz;88,5Hz;023;BOTH N;OFF;0;CQCQCQ;;
0;118,880000;OFF;0,000000;8,33kHz;AM;Verona APP1;OFF;OFF;88,5Hz;88,5Hz;023;BOTH N;OFF;0;CQCQCQ;;
0;118,650000;OFF;0,000000;8,33kHz;AM;Villafranca TWR;OFF;OFF;88,5Hz;88,5Hz;023;BOTH N;OFF;0;CQCQCQ;;
0;125,250000;OFF;0,000000;8,33kHz;AM;Boscomantico;OFF;OFF;88,5Hz;88,5Hz;023;BOTH N;OFF;0;CQCQCQ;;
0;124,250000;OFF;0,000000;8,33kHz;AM;Verona APP2;OFF;OFF;88,5Hz;88,5Hz;023;BOTH N;OFF;0;CQCQCQ;;
0;135,900000;OFF;0,000000;8,33kHz;AM;Verona APP3;OFF;OFF;88,5Hz;88,5Hz;023;BOTH N;OFF;0;CQCQCQ;;
0;118,550000;OFF;0,000000;8,33kHz;AM;Verona Radar 1;OFF;OFF;88,5Hz;88,5Hz;023;BOTH N;OFF;0;CQCQCQ;;
0;124,250000;OFF;0,000000;8,33kHz;AM;Verona Radar 2;OFF;OFF;88,5Hz;88,5Hz;023;BOTH N;OFF;0;CQCQCQ;;
0;135,900000;OFF;0,000000;8,33kHz;AM;Verona Radar 3;OFF;OFF;88,5Hz;88,5Hz;023;BOTH N;OFF;0;CQCQCQ;;
0;121,750000;OFF;0,000000;8,33kHz;AM;Villafranca GND;OFF;OFF;88,5Hz;88,5Hz;023;BOTH N;OFF;0;CQCQCQ;;
0;121,500000;OFF;0,000000;8,33kHz;AM;AIR Emergenza;OFF;OFF;88,5Hz;88,5Hz;023;BOTH N;OFF;0;CQCQCQ;;
0;124,450000;OFF;0,000000;8,33kHz;AM;Garda Ctrl 2;OFF;OFF;88,5Hz;88,5Hz;023;BOTH N;OFF;0;CQCQCQ;;
0;124,850000;OFF;0,000000;8,33kHz;AM;Garda Ctrl 3;OFF;OFF;88,5Hz;88,5Hz;023;BOTH N;OFF;0;CQCQCQ;;
0;122,100000;OFF;0,000000;8,33kHz;AM;Montich TWR2;OFF;OFF;88,5Hz;88,5Hz;023;BOTH N;OFF;0;CQCQCQ;;
0;120,200000;OFF;0,000000;8,33kHz;AM;Venezia TWR;OFF;OFF;88,5Hz;88,5Hz;023;BOTH N;OFF;0;CQCQCQ;;
0;122,225000;OFF;0,000000;8,33kHz;AM;Venezia ATIS;OFF;OFF;88,5Hz;88,5Hz;023;BOTH N;OFF;0;CQCQCQ;;
0;118,900000;OFF;0,000000;8,33kHz;AM;Venezia APP;OFF;OFF;88,5Hz;88,5Hz;023;BOTH N;OFF;0;CQCQCQ;;
0;118,500000;OFF;0,000000;8,33kHz;AM;Heatrow TWR1;OFF;OFF;88,5Hz;88,5Hz;023;BOTH N;OFF;0;CQCQCQ;;
0;118,700000;OFF;0,000000;8,33kHz;AM;Heatrow TWR2;OFF;OFF;88,5Hz;88,5Hz;023;BOTH N;OFF;0;CQCQCQ;;
0;124,470000;OFF;0,000000;8,33kHz;AM;Heatrow TWR3;OFF;OFF;88,5Hz;88,5Hz;023;BOTH N;OFF;0;CQCQCQ;;
0;118,450000;OFF;0,000000;25kHz;AM;Orlando TWR1;OFF;OFF;88,5Hz;88,5Hz;023;BOTH N;OFF;0;CQCQCQ;;
0;124,300000;OFF;0,000000;25kHz;AM;Orlando TWR2;OFF;OFF;88,5Hz;88,5Hz;023;BOTH N;OFF;0;CQCQCQ;;
0;118,250000;OFF;0,000000;8,33kHz;AM;Venezia TWR2;OFF;OFF;88,5Hz;88,5Hz;023;BOTH N;OFF;0;CQCQCQ;;
0;;;;;;;;;;;;;;;;;
0;145,110000;DUP-;0,600000;25kHz;FM;KP4QD;OFF;TONE;136,5Hz;88,5Hz;023;BOTH N;OFF;0;CQCQCQ;;
0;145,130000;DUP-;0,600000;25kHz;FM;WP4MXB;OFF;TONE;127,3Hz;88,5Hz;023;BOTH N;OFF;0;CQCQCQ;;
0;145,150000;DUP-;0,600000;25kHz;FM;KP4AMV;OFF;TONE;136,5Hz;88,5Hz;023;BOTH N;OFF;0;CQCQCQ;;
0;145,170000;DUP-;0,600000;25kHz;FM;KP4KJI;OFF;TONE;114,8Hz;88,5Hz;023;BOTH N;OFF;0;CQCQCQ;;
0;145,190000;DUP-;0,600000;25kHz;FM;KP3AB;OFF;TONE;100,0Hz;88,5Hz;023;BOTH N;OFF;0;CQCQCQ;;
0;145,190000;DUP-;0,600000;25kHz;FM;KP3AB;OFF;TONE;136,5Hz;88,5Hz;023;BOTH N;OFF;0;CQCQCQ;;
0;145,230000;DUP-;0,600000;25kHz;FM;WP4OCD;OFF;TONE;77,0Hz;88,5Hz;023;BOTH N;OFF;0;CQCQCQ;;
0;145,250000;DUP-;0,600000;25kHz;FM;WP3CB;OFF;TONE;88,5Hz;88,5Hz;023;BOTH N;OFF;0;CQCQCQ;;
0;145,270000;DUP-;0,600000;25kHz;FM;WP3ZQ;OFF;OFF;88,5Hz;88,5Hz;023;BOTH N;OFF;0;CQCQCQ;;
0;145,290000;DUP-;0,600000;25kHz;FM;NP4A;OFF;TONE;136,5Hz;88,5Hz;023;BOTH N;OFF;0;CQCQCQ;;
0;145,350000;DUP-;0,600000;25kHz;FM;KP3AB;OFF;TONE;123,0Hz;88,5Hz;023;BOTH N;OFF;0;CQCQCQ;;
0;145,370000;DUP-;0,600000;25kHz;FM;KP4IA;OFF;TONE;127,3Hz;88,5Hz;023;BOTH N;OFF;0;CQCQCQ;;
0;145,390000;DUP-;0,600000;25kHz;FM;KP4OPG;OFF;TONE;94,8Hz;88,5Hz;023;BOTH N;OFF;0;CQCQCQ;;
0;145,410000;DUP-;0,600000;25kHz;FM;KP4RF;OFF;TONE;127,3Hz;88,5Hz;023;BOTH N;OFF;0;CQCQCQ;;
0;145,450000;DUP-;0,600000;25kHz;FM;KP4RF;OFF;TONE;127,3Hz;88,5Hz;023;BOTH N;OFF;0;CQCQCQ;;
0;145,490000;DUP-;0,600000;25kHz;FM;KP4LP;OFF;TONE;82,5Hz;88,5Hz;023;BOTH N;OFF;0;CQCQCQ;;
0;449,225000;DUP-;5,000000;25kHz;FM;KP4LDR;OFF;TONE;192,8Hz;88,5Hz;023;BOTH N;OFF;0;CQCQCQ;IU2FRL B;IU2FRL G
0;;;;;;;;;;;;;;;;;
0;162,550000;OFF;0,600000;25kHz;FM;NOAA 1;OFF;OFF;88,5Hz;88,5Hz;023;BOTH N;OFF;0;CQCQCQ;;
0;162,400000;OFF;0,600000;25kHz;FM;NOAA 2;OFF;OFF;88,5Hz;88,5Hz;023;BOTH N;OFF;0;CQCQCQ;;
0;162,475000;OFF;0,600000;25kHz;FM;NOAA 3;OFF;OFF;88,5Hz;88,5Hz;023;BOTH N;OFF;0;CQCQCQ;;
0;162,425000;OFF;0,600000;25kHz;FM;NOAA 4;OFF;OFF;88,5Hz;88,5Hz;023;BOTH N;OFF;0;CQCQCQ;;
0;162,450000;OFF;0,600000;25kHz;FM;NOAA 5;OFF;OFF;88,5Hz;88,5Hz;023;BOTH N;OFF;0;CQCQCQ;;
0;162,500000;OFF;0,600000;25kHz;FM;NOAA 6;OFF;OFF;88,5Hz;88,5Hz;023;BOTH N;OFF;0;CQCQCQ;;
0;162,525000;OFF;0,600000;25kHz;FM;NOAA 7;OFF;OFF;88,5Hz;88,5Hz;023;BOTH N;OFF;0;CQCQCQ;;
0;;;;;;;;;;;;;;;;;
0;433,075000;OFF;7,600000;25kHz;FM;LPD-01;OFF;OFF;88,5Hz;88,5Hz;023;BOTH N;OFF;0;CQCQCQ;;
0;433,100000;OFF;7,600000;25kHz;FM;LPD-02;OFF;OFF;88,5Hz;88,5Hz;023;BOTH N;OFF;0;CQCQCQ;;
0;433,125000;OFF;7,600000;25kHz;FM;LPD-03;OFF;OFF;88,5Hz;88,5Hz;023;BOTH N;OFF;0;CQCQCQ;;
0;433,150000;OFF;7,600000;25kHz;FM;LPD-04;OFF;OFF;88,5Hz;88,5Hz;023;BOTH N;OFF;0;CQCQCQ;;
0;433,175000;OFF;7,600000;25kHz;FM;LPD-05;OFF;OFF;88,5Hz;88,5Hz;023;BOTH N;OFF;0;CQCQCQ;;
0;433,200000;OFF;7,600000;25kHz;FM;LPD-06;OFF;OFF;88,5Hz;88,5Hz;023;BOTH N;OFF;0;CQCQCQ;;
0;433,225000;OFF;7,600000;25kHz;FM;LPD-07;OFF;OFF;88,5Hz;88,5Hz;023;BOTH N;OFF;0;CQCQCQ;;
0;433,250000;OFF;7,600000;25kHz;FM;LPD-08;OFF;OFF;88,5Hz;88,5Hz;023;BOTH N;OFF;0;CQCQCQ;;
0;433,275000;OFF;7,600000;25kHz;FM;LPD-09;OFF;OFF;88,5Hz;88,5Hz;023;BOTH N;OFF;0;CQCQCQ;;
0;433,300000;OFF;7,600000;25kHz;FM;LPD-10;OFF;OFF;88,5Hz;88,5Hz;023;BOTH N;OFF;0;CQCQCQ;;
0;433,325000;OFF;7,600000;25kHz;FM;LPD-11;OFF;OFF;88,5Hz;88,5Hz;023;BOTH N;OFF;0;CQCQCQ;;
0;433,350000;OFF;7,600000;25kHz;FM;LPD-12;OFF;OFF;88,5Hz;88,5Hz;023;BOTH N;OFF;0;CQCQCQ;;
0;433,375000;OFF;7,600000;25kHz;FM;LPD-13;OFF;OFF;88,5Hz;88,5Hz;023;BOTH N;OFF;0;CQCQCQ;;
0;433,400000;OFF;7,600000;25kHz;FM;LPD-14;OFF;OFF;88,5Hz;88,5Hz;023;BOTH N;OFF;0;CQCQCQ;;
0;433,425000;OFF;7,600000;25kHz;FM;LPD-15;OFF;OFF;88,5Hz;88,5Hz;023;BOTH N;OFF;0;CQCQCQ;;
0;433,450000;OFF;7,600000;25kHz;FM;LPD-16;OFF;OFF;88,5Hz;88,5Hz;023;BOTH N;OFF;0;CQCQCQ;;
0;433,475000;OFF;7,600000;25kHz;FM;LPD-17;OFF;OFF;88,5Hz;88,5Hz;023;BOTH N;OFF;0;CQCQCQ;;
0;433,500000;OFF;7,600000;25kHz;FM;LPD-18;OFF;OFF;88,5Hz;88,5Hz;023;BOTH N;OFF;0;CQCQCQ;;
0;433,525000;OFF;7,600000;25kHz;FM;LPD-19;OFF;OFF;88,5Hz;88,5Hz;023;BOTH N;OFF;0;CQCQCQ;;
0;433,550000;OFF;7,600000;25kHz;FM;LPD-20;OFF;OFF;88,5Hz;88,5Hz;023;BOTH N;OFF;0;CQCQCQ;;
0;433,575000;OFF;7,600000;25kHz;FM;LPD-21;OFF;OFF;88,5Hz;88,5Hz;023;BOTH N;OFF;0;CQCQCQ;;
0;433,600000;OFF;7,600000;25kHz;FM;LPD-22;OFF;OFF;88,5Hz;88,5Hz;023;BOTH N;OFF;0;CQCQCQ;;
0;433,625000;OFF;7,600000;25kHz;FM;LPD-23;OFF;OFF;88,5Hz;88,5Hz;023;BOTH N;OFF;0;CQCQCQ;;
0;433,650000;OFF;7,600000;25kHz;FM;LPD-24;OFF;OFF;88,5Hz;88,5Hz;023;BOTH N;OFF;0;CQCQCQ;;
0;433,675000;OFF;7,600000;25kHz;FM;LPD-25;OFF;OFF;88,5Hz;88,5Hz;023;BOTH N;OFF;0;CQCQCQ;;
0;433,700000;OFF;7,600000;25kHz;FM;LPD-26;OFF;OFF;88,5Hz;88,5Hz;023;BOTH N;OFF;0;CQCQCQ;;
0;433,725000;OFF;7,600000;25kHz;FM;LPD-27;OFF;OFF;88,5Hz;88,5Hz;023;BOTH N;OFF;0;CQCQCQ;;
0;433,750000;OFF;7,600000;25kHz;FM;LPD-28;OFF;OFF;88,5Hz;88,5Hz;023;BOTH N;OFF;0;CQCQCQ;;
0;433,775000;OFF;7,600000;25kHz;FM;LPD-29;OFF;OFF;88,5Hz;88,5Hz;023;BOTH N;OFF;0;CQCQCQ;;
0;433,800000;OFF;7,600000;25kHz;FM;LPD-30;OFF;OFF;88,5Hz;88,5Hz;023;BOTH N;OFF;0;CQCQCQ;;
0;433,825000;OFF;7,600000;25kHz;FM;LPD-31;OFF;OFF;88,5Hz;88,5Hz;023;BOTH N;OFF;0;CQCQCQ;;
0;433,850000;OFF;7,600000;25kHz;FM;LPD-32;OFF;OFF;88,5Hz;88,5Hz;023;BOTH N;OFF;0;CQCQCQ;;
0;433,875000;OFF;7,600000;25kHz;FM;LPD-33;OFF;OFF;88,5Hz;88,5Hz;023;BOTH N;OFF;0;CQCQCQ;;
0;433,900000;OFF;7,600000;25kHz;FM;LPD-34;OFF;OFF;88,5Hz;88,5Hz;023;BOTH N;OFF;0;CQCQCQ;;
0;433,925000;OFF;7,600000;25kHz;FM;LPD-35;OFF;OFF;88,5Hz;88,5Hz;023;BOTH N;OFF;0;CQCQCQ;;
0;433,950000;OFF;7,600000;25kHz;FM;LPD-36;OFF;OFF;88,5Hz;88,5Hz;023;BOTH N;OFF;0;CQCQCQ;;
0;433,975000;OFF;7,600000;25kHz;FM;LPD-37;OFF;OFF;88,5Hz;88,5Hz;023;BOTH N;OFF;0;CQCQCQ;;
0;;;;;;;;;;;;;;;;;
0;165,975000;DUP-;4,600000;25kHz;FM;Sci Ciampac;OFF;TONE;118,8Hz;88,5Hz;023;BOTH N;OFF;0;CQCQCQ;;
0;162,100000;DUP-;4,600000;25kHz;FM;Sci Baffaure;OFF;TONE;186,2Hz;88,5Hz;023;BOTH N;OFF;0;CQCQCQ;;
0;163,325000;DUP-;4,600000;25kHz;FM;Sci Catinaccio;OFF;TONE;88,5Hz;88,5Hz;023;BOTH N;OFF;0;CQCQCQ;;
0;161,900000;DUP-;4,600000;25kHz;FM;Sci Cermis;OFF;TONE;186,2Hz;88,5Hz;023;BOTH N;OFF;0;CQCQCQ;;
0;162,200000;DUP-;4,600000;25kHz;FM;Sci Pampeago;OFF;TONE;88,5Hz;88,5Hz;023;BOTH N;OFF;0;CQCQCQ;;
0;160,625000;DUP-;4,600000;25kHz;FM;Sci Latemar;OFF;TONE;118,8Hz;88,5Hz;023;BOTH N;OFF;0;CQCQCQ;;
0;161,650000;DUP-;4,600000;25kHz;FM;Sci Oberegen;OFF;TONE;118,8Hz;88,5Hz;023;BOTH N;OFF;0;CQCQCQ;;
0;164,075000;DUP-;4,600000;25kHz;FM;Sci Lusia;OFF;TONE;88,5Hz;88,5Hz;023;BOTH N;OFF;0;CQCQCQ;;
0;160,300000;DUP-;4,600000;25kHz;FM;Sci Costabella;OFF;TONE;88,5Hz;88,5Hz;023;BOTH N;OFF;0;CQCQCQ;;
0;164,037500;DUP-;4,600000;25kHz;FM;Sci Belvedere;OFF;TONE;88,5Hz;88,5Hz;023;BOTH N;OFF;0;CQCQCQ;;
0;162,662500;DUP-;4,600000;25kHz;FM;Socc Alp Fassa;OFF;TONE;88,5Hz;88,5Hz;023;BOTH N;OFF;0;CQCQCQ;;
0;173,962500;DUP-;4,600000;25kHz;FM;Socc Alp Verona;OFF;TONE;88,5Hz;88,5Hz;023;BOTH N;OFF;0;CQCQCQ;;
0;161,862500;DUP-;4,600000;25kHz;FM;Elisoccorso TN;OFF;OFF;88,5Hz;88,5Hz;023;BOTH N;OFF;0;CQCQCQ;;
0;162,325000;DUP-;4,600000;25kHz;FM;ATV Verona;OFF;OFF;88,5Hz;88,5Hz;023;BOTH N;OFF;0;CQCQCQ;;
0;172,650000;DUP-;4,600000;25kHz;FM;A4 RPT1;OFF;OFF;88,5Hz;88,5Hz;023;BOTH N;OFF;0;CQCQCQ;;
0;172,725000;DUP-;4,600000;25kHz;FM;A4 RPT2;OFF;OFF;88,5Hz;88,5Hz;023;BOTH N;OFF;0;CQCQCQ;;
0;172,875000;DUP-;4,600000;25kHz;FM;A22 RPT1;OFF;OFF;88,5Hz;88,5Hz;023;BOTH N;OFF;0;CQCQCQ;;
0;173,581250;DUP-;4,600000;25kHz;FM;Elisoccorso VR;OFF;TONE;114,8Hz;88,5Hz;023;BOTH N;OFF;0;CQCQCQ;;
0;162,450000;DUP-;4,600000;25kHz;FM;Elisoccorso BZ 1;OFF;OFF;88,5Hz;88,5Hz;023;BOTH N;OFF;0;CQCQCQ;;
0;163,362500;DUP-;4,600000;25kHz;FM;Elisoccorso BZ 2;OFF;OFF;88,5Hz;88,5Hz;023;BOTH N;OFF;0;CQCQCQ;;
0;163,450000;DUP-;4,600000;25kHz;FM;Ambulanze BZ;OFF;OFF;88,5Hz;88,5Hz;023;BOTH N;OFF;0;CQCQCQ;;
0;173,506250;DUP-;4,600000;25kHz;FM;Elisoccorso TV;OFF;OFF;88,5Hz;88,5Hz;023;BOTH N;OFF;0;CQCQCQ;;
0;;;;;;;;;;;;;;;;;
0;446,093750;OFF;7,600000;25kHz;FM;ReteRadioMontana;OFF;TONE;114,8Hz;114,8Hz;023;BOTH N;OFF;0;CQCQCQ;;
0;;;;;;;;;;;;;;;;;
0;426,275000;OFF;7,600000;25kHz;FM;Carabinieri 1;OFF;OFF;88,5Hz;88,5Hz;023;BOTH N;OFF;0;CQCQCQ;;
0;425,900000;OFF;7,600000;25kHz;FM;Carabinieri 2;OFF;OFF;88,5Hz;88,5Hz;023;BOTH N;OFF;0;CQCQCQ;;
0;426,300000;OFF;7,600000;25kHz;FM;Carabinieri 3;OFF;OFF;88,5Hz;88,5Hz;023;BOTH N;OFF;0;CQCQCQ;;
0;426,375000;OFF;7,600000;25kHz;FM;Carabinieri 4;OFF;OFF;88,5Hz;88,5Hz;023;BOTH N;OFF;0;CQCQCQ;;
0;425,875000;OFF;7,600000;25kHz;FM;Carabinieri 5;OFF;OFF;88,5Hz;88,5Hz;023;BOTH N;OFF;0;CQCQCQ;;
0;426,350000;OFF;7,600000;25kHz;FM;Carabinieri 6;OFF;OFF;88,5Hz;88,5Hz;023;BOTH N;OFF;0;CQCQCQ;;
0;425,900000;OFF;7,600000;25kHz;FM;Carabinieri 7;OFF;OFF;88,5Hz;88,5Hz;023;BOTH N;OFF;0;CQCQCQ;;
0;;;;;;;;;;;;;;;;;
0;;;;;;;;;;;;;;;;;
0;;;;;;;;;;;;;;;;;
0;;;;;;;;;;;;;;;;;
0;430,450000;DUP+;5,000000;25kHz;DV;IR3UG BG;OFF;OFF;88,5Hz;88,5Hz;023;BOTH N;OFF;0;CQCQCQ;IR3UG  B;IR3UG  G
0;430,450000;DUP+;5,000000;25kHz;DV;IR3UG BB;OFF;OFF;88,5Hz;88,5Hz;023;BOTH N;OFF;0;CQCQCQ;IR3UG  B;IR3UG  B
0;144,862500;DUP+;1,000000;25kHz;DV;IR3UG CG;OFF;OFF;88,5Hz;88,5Hz;023;BOTH N;OFF;0;CQCQCQ;IR3UG  C;IR3UG  G
0;144,862500;DUP+;1,000000;25kHz;DV;IR3UG CC;OFF;OFF;88,5Hz;88,5Hz;023;BOTH N;OFF;0;CQCQCQ;IR3UG  C;IR3UG  C
0;145,562500;DUP-;0,600000;25kHz;DV;IR4MO CG;OFF;OFF;88,5Hz;88,5Hz;023;BOTH N;OFF;0;CQCQCQ;IR4MO  C;IR4MO  G
0;145,562500;DUP-;0,600000;25kHz;DV;IR4MO CC;OFF;OFF;88,5Hz;88,5Hz;023;BOTH N;OFF;0;CQCQCQ;IR4MO  C;IR4MO  C
0;437,887500;DUP-;7,000000;25kHz;DV;IQ2MM  BB;OFF;OFF;88,5Hz;88,5Hz;023;BOTH N;OFF;0;CQCQCQ;IQ2MM  B;IQ2MM  B
0;439,962500;DUP-;9,400000;6,25kHz;DV;F1ZFG BG;OFF;OFF;110,9Hz;88,5Hz;023;BOTH N;OFF;0;CQCQCQ;F1ZFG  B;F1ZFG  G
0;439,350000;DUP-;7,600000;25kHz;DV;F1ZDI BG;OFF;TONE;94,8Hz;88,5Hz;023;BOTH N;OFF;0;CQCQCQ;F1ZDI  B;F1ZDI  G
0;;;;;;;;;;;;;;;;;
0;144,800000;OFF;0,600000;25kHz;FM;APRS VHF;OFF;OFF;88,5Hz;88,5Hz;023;BOTH N;OFF;0;CQCQCQ;;
0;432,500000;OFF;7,600000;25kHz;FM;APRS UHF;OFF;OFF;88,5Hz;88,5Hz;023;BOTH N;OFF;0;CQCQCQ;;
0;145,800000;DUP-;0,600000;25kHz;FM;ISS;OFF;OFF;88,5Hz;88,5Hz;023;BOTH N;OFF;0;CQCQCQ;;
0;437,800000;OFF;59,995000;25kHz;FM;ISS Rpt Downlink;OFF;TONE;67,0Hz;88,5Hz;023;BOTH N;OFF;0;CQCQCQ;;
0;145,990000;OFF;0,600000;25kHz;FM;ISS Rpt Uplink;OFF;TONE;67,0Hz;88,5Hz;023;BOTH N;OFF;0;CQCQCQ;;
0;;;;;;;;;;;;;;;;;
0;;;;;;;;;;;;;;;;;
0;;;;;;;;;;;;;;;;;
0;;;;;;;;;;;;;;;;;
0;;;;;;;;;;;;;;;;;
0;;;;;;;;;;;;;;;;;
0;;;;;;;;;;;;;;;;;
0;;;;;;;;;;;;;;;;;
0;;;;;;;;;;;;;;;;;
0;;;;;;;;;;;;;;;;;
0;;;;;;;;;;;;;;;;;
0;;;;;;;;;;;;;;;;;
0;;;;;;;;;;;;;;;;;
0;;;;;;;;;;;;;;;;;
0;;;;;;;;;;;;;;;;;
0;;;;;;;;;;;;;;;;;
0;;;;;;;;;;;;;;;;;
0;;;;;;;;;;;;;;;;;
0;;;;;;;;;;;;;;;;;
0;;;;;;;;;;;;;;;;;
0;;;;;;;;;;;;;;;;;
0;;;;;;;;;;;;;;;;;
0;;;;;;;;;;;;;;;;;
0;;;;;;;;;;;;;;;;;
0;;;;;;;;;;;;;;;;;
0;;;;;;;;;;;;;;;;;
0;;;;;;;;;;;;;;;;;
0;;;;;;;;;;;;;;;;;
0;;;;;;;;;;;;;;;;;
0;;;;;;;;;;;;;;;;;
0;;;;;;;;;;;;;;;;;
0;;;;;;;;;;;;;;;;;
0;;;;;;;;;;;;;;;;;
0;;;;;;;;;;;;;;;;;
0;;;;;;;;;;;;;;;;;
0;;;;;;;;;;;;;;;;;
0;;;;;;;;;;;;;;;;;
0;;;;;;;;;;;;;;;;;
0;;;;;;;;;;;;;;;;;
0;;;;;;;;;;;;;;;;;
0;;;;;;;;;;;;;;;;;
0;;;;;;;;;;;;;;;;;
0;;;;;;;;;;;;;;;;;
0;;;;;;;;;;;;;;;;;
0;;;;;;;;;;;;;;;;;
0;;;;;;;;;;;;;;;;;
0;;;;;;;;;;;;;;;;;
0;;;;;;;;;;;;;;;;;
0;;;;;;;;;;;;;;;;;
0;;;;;;;;;;;;;;;;;
0;;;;;;;;;;;;;;;;;
0;;;;;;;;;;;;;;;;;
0;;;;;;;;;;;;;;;;;
0;;;;;;;;;;;;;;;;;
0;;;;;;;;;;;;;;;;;
0;;;;;;;;;;;;;;;;;
0;;;;;;;;;;;;;;;;;
0;;;;;;;;;;;;;;;;;
0;;;;;;;;;;;;;;;;;
0;;;;;;;;;;;;;;;;;
0;;;;;;;;;;;;;;;;;
0;;;;;;;;;;;;;;;;;
0;;;;;;;;;;;;;;;;;
0;;;;;;;;;;;;;;;;;
0;;;;;;;;;;;;;;;;;
0;;;;;;;;;;;;;;;;;
0;;;;;;;;;;;;;;;;;
0;;;;;;;;;;;;;;;;;
0;;;;;;;;;;;;;;;;;
0;;;;;;;;;;;;;;;;;
0;;;;;;;;;;;;;;;;;
0;;;;;;;;;;;;;;;;;
0;;;;;;;;;;;;;;;;;
0;;;;;;;;;;;;;;;;;
0;;;;;;;;;;;;;;;;;
0;;;;;;;;;;;;;;;;;
0;;;;;;;;;;;;;;;;;
0;;;;;;;;;;;;;;;;;
0;;;;;;;;;;;;;;;;;
0;;;;;;;;;;;;;;;;;
0;;;;;;;;;;;;;;;;;
0;;;;;;;;;;;;;;;;;
0;;;;;;;;;;;;;;;;;
0;;;;;;;;;;;;;;;;;
0;;;;;;;;;;;;;;;;;
0;145,600000;DUP-;0,600000;25kHz;FM;R0-LOM;OFF;TONE;71,9Hz;88,5Hz;023;BOTH N;OFF;0;CQCQCQ;;
0;145,612500;DUP-;0,600000;25kHz;FM;R0A-LOM;OFF;TONE;71,9Hz;88,5Hz;023;BOTH N;OFF;0;CQCQCQ;;
0;145,625000;DUP-;0,600000;25kHz;FM;R1-LOM;OFF;TONE;71,9Hz;88,5Hz;023;BOTH N;OFF;0;CQCQCQ;;
0;145,637500;DUP-;0,600000;25kHz;FM;R1A-LOM;OFF;TONE;71,9Hz;88,5Hz;023;BOTH N;OFF;0;CQCQCQ;;
0;145,650000;DUP-;0,600000;25kHz;FM;R2-LOM;OFF;TONE;71,9Hz;88,5Hz;023;BOTH N;OFF;0;CQCQCQ;;
0;145,662500;DUP-;0,600000;25kHz;FM;R2A-LOM;OFF;TONE;71,9Hz;88,5Hz;023;BOTH N;OFF;0;CQCQCQ;;
0;145,675000;DUP-;0,600000;25kHz;FM;R3-LOM;OFF;TONE;71,9Hz;88,5Hz;023;BOTH N;OFF;0;CQCQCQ;;
0;145,687500;DUP-;0,600000;25kHz;FM;R3A-LOM;OFF;TONE;71,9Hz;88,5Hz;023;BOTH N;OFF;0;CQCQCQ;;
0;145,700000;DUP-;0,600000;25kHz;FM;R4-LOM;OFF;TONE;71,9Hz;88,5Hz;023;BOTH N;OFF;0;CQCQCQ;;
0;145,712500;DUP-;0,600000;25kHz;FM;R4A-LOM;OFF;TONE;71,9Hz;88,5Hz;023;BOTH N;OFF;0;CQCQCQ;;
0;145,725000;DUP-;0,600000;25kHz;FM;R5-LOM;OFF;TONE;71,9Hz;88,5Hz;023;BOTH N;OFF;0;CQCQCQ;;
0;145,737500;DUP-;0,600000;25kHz;FM;R5A-LOM;OFF;TONE;71,9Hz;88,5Hz;023;BOTH N;OFF;0;CQCQCQ;;
0;145,750000;DUP-;0,600000;25kHz;FM;R6-LOM;OFF;TONE;71,9Hz;88,5Hz;023;BOTH N;OFF;0;CQCQCQ;;
0;145,762500;DUP-;0,600000;25kHz;FM;R6A-LOM;OFF;TONE;71,9Hz;88,5Hz;023;BOTH N;OFF;0;CQCQCQ;;
0;145,775000;DUP-;0,600000;25kHz;FM;R7-LOM;OFF;TONE;71,9Hz;88,5Hz;023;BOTH N;OFF;0;CQCQCQ;;
0;145,787500;DUP-;0,600000;25kHz;FM;R8-LOM;OFF;TONE;71,9Hz;88,5Hz;023;BOTH N;OFF;0;CQCQCQ;;
0;;;;;;;;;;;;;;;;;
0;;;;;;;;;;;;;;;;;
0;;;;;;;;;;;;;;;;;
0;;;;;;;;;;;;;;;;;
0;145,600000;DUP-;0,600000;25kHz;FM;R0-VEN;OFF;TONE;77,0Hz;88,5Hz;023;BOTH N;OFF;0;CQCQCQ;;
0;145,612500;DUP-;0,600000;25kHz;FM;R0A-VEN;OFF;TONE;77,0Hz;88,5Hz;023;BOTH N;OFF;0;CQCQCQ;;
0;145,625000;DUP-;0,600000;25kHz;FM;R1-VEN;OFF;TONE;77,0Hz;88,5Hz;023;BOTH N;OFF;0;CQCQCQ;;
0;145,637500;DUP-;0,600000;25kHz;FM;R1A-VEN;OFF;TONE;77,0Hz;88,5Hz;023;BOTH N;OFF;0;CQCQCQ;;
0;145,650000;DUP-;0,600000;25kHz;FM;R2-VEN;OFF;TONE;77,0Hz;88,5Hz;023;BOTH N;OFF;0;CQCQCQ;;
0;145,662500;DUP-;0,600000;25kHz;FM;R2A-VEN;OFF;TONE;77,0Hz;88,5Hz;023;BOTH N;OFF;0;CQCQCQ;;
0;145,675000;DUP-;0,600000;25kHz;FM;R3-VEN;OFF;TONE;77,0Hz;88,5Hz;023;BOTH N;OFF;0;CQCQCQ;;
0;145,687500;DUP-;0,600000;25kHz;FM;R3A-VEN;OFF;TONE;77,0Hz;88,5Hz;023;BOTH N;OFF;0;CQCQCQ;;
0;145,700000;DUP-;0,600000;25kHz;FM;R4-VEN;OFF;TONE;77,0Hz;88,5Hz;023;BOTH N;OFF;0;CQCQCQ;;
0;145,712500;DUP-;0,600000;25kHz;FM;R4A-VEN;OFF;TONE;77,0Hz;88,5Hz;023;BOTH N;OFF;0;CQCQCQ;;
0;145,725000;DUP-;0,600000;25kHz;FM;R5-VEN;OFF;TONE;77,0Hz;88,5Hz;023;BOTH N;OFF;0;CQCQCQ;;
0;145,737500;DUP-;0,600000;25kHz;FM;R5A-VEN;OFF;TONE;77,0Hz;88,5Hz;023;BOTH N;OFF;0;CQCQCQ;;
0;145,750000;DUP-;0,600000;25kHz;FM;R6-VEN;OFF;TONE;77,0Hz;88,5Hz;023;BOTH N;OFF;0;CQCQCQ;;
0;145,762500;DUP-;0,600000;25kHz;FM;R6A-VEN;OFF;TONE;77,0Hz;88,5Hz;023;BOTH N;OFF;0;CQCQCQ;;
0;145,775000;DUP-;0,600000;25kHz;FM;R7-VEN;OFF;TONE;77,0Hz;88,5Hz;023;BOTH N;OFF;0;CQCQCQ;;
0;145,787500;DUP-;0,600000;25kHz;FM;R8-VEN;OFF;TONE;77,0Hz;88,5Hz;023;BOTH N;OFF;0;CQCQCQ;;
0;;;;;;;;;;;;;;;;;
0;;;;;;;;;;;;;;;;;
0;;;;;;;;;;;;;;;;;
0;;;;;;;;;;;;;;;;;
0;;;;;;;;;;;;;;;;;
0;;;;;;;;;;;;;;;;;
0;;;;;;;;;;;;;;;;;
0;;;;;;;;;;;;;;;;;
0;;;;;;;;;;;;;;;;;
0;;;;;;;;;;;;;;;;;
0;;;;;;;;;;;;;;;;;
0;;;;;;;;;;;;;;;;;
0;;;;;;;;;;;;;;;;;
0;;;;;;;;;;;;;;;;;
0;;;;;;;;;;;;;;;;;
0;;;;;;;;;;;;;;;;;
0;;;;;;;;;;;;;;;;;
0;;;;;;;;;;;;;;;;;
0;;;;;;;;;;;;;;;;;
0;;;;;;;;;;;;;;;;;
0;;;;;;;;;;;;;;;;;
0;;;;;;;;;;;;;;;;;
0;;;;;;;;;;;;;;;;;
0;;;;;;;;;;;;;;;;;
0;;;;;;;;;;;;;;;;;
0;;;;;;;;;;;;;;;;;
0;;;;;;;;;;;;;;;;;
0;;;;;;;;;;;;;;;;;
0;;;;;;;;;;;;;;;;;
0;;;;;;;;;;;;;;;;;
0;;;;;;;;;;;;;;;;;
0;;;;;;;;;;;;;;;;;
0;;;;;;;;;;;;;;;;;
0;;;;;;;;;;;;;;;;;
0;;;;;;;;;;;;;;;;;
0;;;;;;;;;;;;;;;;;
0;;;;;;;;;;;;;;;;;
0;;;;;;;;;;;;;;;;;
0;;;;;;;;;;;;;;;;;
0;;;;;;;;;;;;;;;;;
0;;;;;;;;;;;;;;;;;
0;;;;;;;;;;;;;;;;;
0;;;;;;;;;;;;;;;;;
0;;;;;;;;;;;;;;;;;
0;;;;;;;;;;;;;;;;;
0;;;;;;;;;;;;;;;;;
0;;;;;;;;;;;;;;;;;
0;;;;;;;;;;;;;;;;;
0;;;;;;;;;;;;;;;;;
0;;;;;;;;;;;;;;;;;
0;;;;;;;;;;;;;;;;;
0;;;;;;;;;;;;;;;;;
0;;;;;;;;;;;;;;;;;
0;;;;;;;;;;;;;;;;;
0;;;;;;;;;;;;;;;;;
0;;;;;;;;;;;;;;;;;
0;;;;;;;;;;;;;;;;;
0;;;;;;;;;;;;;;;;;
0;;;;;;;;;;;;;;;;;
0;;;;;;;;;;;;;;;;;
0;;;;;;;;;;;;;;;;;
0;;;;;;;;;;;;;;;;;
0;;;;;;;;;;;;;;;;;
0;;;;;;;;;;;;;;;;;
0;430,012500;OFF;7,600000;25kHz;FM;RU00A-LOM;OFF;TONE;71,9Hz;88,5Hz;023;BOTH N;OFF;0;CQCQCQ;;
0;430,025000;OFF;7,600000;25kHz;FM;RU00-LOM;OFF;TONE;71,9Hz;88,5Hz;023;BOTH N;OFF;0;CQCQCQ;;
0;430,037500;OFF;7,600000;25kHz;FM;RU01A-LOM;OFF;TONE;71,9Hz;88,5Hz;023;BOTH N;OFF;0;CQCQCQ;;
0;430,050000;OFF;7,600000;25kHz;FM;RU02-LOM;OFF;TONE;71,9Hz;88,5Hz;023;BOTH N;OFF;0;CQCQCQ;;
0;430,062500;OFF;7,600000;25kHz;FM;RU02A-LOM;OFF;TONE;71,9Hz;88,5Hz;023;BOTH N;OFF;0;CQCQCQ;;
0;430,075000;OFF;7,600000;25kHz;FM;RU03-LOM;OFF;TONE;71,9Hz;88,5Hz;023;BOTH N;OFF;0;CQCQCQ;;
0;430,087500;OFF;7,600000;25kHz;FM;RU03A-LOM;OFF;TONE;71,9Hz;88,5Hz;023;BOTH N;OFF;0;CQCQCQ;;
0;430,100000;OFF;7,600000;25kHz;FM;RU04-LOM;OFF;TONE;71,9Hz;88,5Hz;023;BOTH N;OFF;0;CQCQCQ;;
0;430,112500;OFF;7,600000;25kHz;FM;RU04A-LOM;OFF;TONE;71,9Hz;88,5Hz;023;BOTH N;OFF;0;CQCQCQ;;
0;430,125000;OFF;7,600000;25kHz;FM;RU05-LOM;OFF;TONE;71,9Hz;88,5Hz;023;BOTH N;OFF;0;CQCQCQ;;
0;430,137500;OFF;7,600000;25kHz;FM;RU05A-LOM;OFF;TONE;71,9Hz;88,5Hz;023;BOTH N;OFF;0;CQCQCQ;;
0;430,150000;OFF;7,600000;25kHz;FM;RU06-LOM;OFF;TONE;71,9Hz;88,5Hz;023;BOTH N;OFF;0;CQCQCQ;;
0;430,162500;OFF;7,600000;25kHz;FM;RU06A-LOM;OFF;TONE;71,9Hz;88,5Hz;023;BOTH N;OFF;0;CQCQCQ;;
0;430,175000;OFF;7,600000;25kHz;FM;RU07-LOM;OFF;TONE;71,9Hz;88,5Hz;023;BOTH N;OFF;0;CQCQCQ;;
0;430,187500;OFF;7,600000;25kHz;FM;RU07A-LOM;OFF;TONE;71,9Hz;88,5Hz;023;BOTH N;OFF;0;CQCQCQ;;
0;430,200000;OFF;7,600000;25kHz;FM;RU08-LOM;OFF;TONE;71,9Hz;88,5Hz;023;BOTH N;OFF;0;CQCQCQ;;
0;430,212500;OFF;7,600000;25kHz;FM;RU08A-LOM;OFF;TONE;71,9Hz;88,5Hz;023;BOTH N;OFF;0;CQCQCQ;;
0;430,225000;OFF;7,600000;25kHz;FM;RU09-LOM;OFF;TONE;71,9Hz;88,5Hz;023;BOTH N;OFF;0;CQCQCQ;;
0;430,237500;OFF;7,600000;25kHz;FM;RU09A-LOM;OFF;TONE;71,9Hz;88,5Hz;023;BOTH N;OFF;0;CQCQCQ;;
0;430,250000;OFF;7,600000;25kHz;FM;RU10-LOM;OFF;TONE;71,9Hz;88,5Hz;023;BOTH N;OFF;0;CQCQCQ;;
0;430,262500;OFF;7,600000;25kHz;FM;RU10A-LOM;OFF;TONE;71,9Hz;88,5Hz;023;BOTH N;OFF;0;CQCQCQ;;
0;430,275000;OFF;7,600000;25kHz;FM;RU11-LOM;OFF;TONE;71,9Hz;88,5Hz;023;BOTH N;OFF;0;CQCQCQ;;
0;430,287500;OFF;7,600000;25kHz;FM;RU11A-LOM;OFF;TONE;71,9Hz;88,5Hz;023;BOTH N;OFF;0;CQCQCQ;;
0;430,300000;OFF;7,600000;25kHz;FM;RU12-LOM;OFF;TONE;71,9Hz;88,5Hz;023;BOTH N;OFF;0;CQCQCQ;;
0;430,312500;OFF;7,600000;25kHz;FM;RU12A-LOM;OFF;TONE;71,9Hz;88,5Hz;023;BOTH N;OFF;0;CQCQCQ;;
0;430,325000;OFF;7,600000;25kHz;FM;RU13-LOM;OFF;TONE;71,9Hz;88,5Hz;023;BOTH N;OFF;0;CQCQCQ;;
0;430,337500;OFF;7,600000;25kHz;FM;RU13A-LOM;OFF;TONE;71,9Hz;88,5Hz;023;BOTH N;OFF;0;CQCQCQ;;
0;430,350000;OFF;7,600000;25kHz;FM;RU14-LOM;OFF;TONE;71,9Hz;88,5Hz;023;BOTH N;OFF;0;CQCQCQ;;
0;430,362500;OFF;7,600000;25kHz;FM;RU14A-LOM;OFF;TONE;71,9Hz;88,5Hz;023;BOTH N;OFF;0;CQCQCQ;;
0;430,375000;OFF;7,600000;25kHz;FM;RU15-LOM;OFF;TONE;71,9Hz;88,5Hz;023;BOTH N;OFF;0;CQCQCQ;;
0;431,225000;OFF;7,600000;25kHz;FM;RU16-LOM;OFF;TONE;71,9Hz;88,5Hz;023;BOTH N;OFF;0;CQCQCQ;;
0;431,237500;OFF;7,600000;25kHz;FM;RU16A-LOM;OFF;TONE;71,9Hz;88,5Hz;023;BOTH N;OFF;0;CQCQCQ;;
0;431,250000;OFF;7,600000;25kHz;FM;RU17-LOM;OFF;TONE;71,9Hz;88,5Hz;023;BOTH N;OFF;0;CQCQCQ;;
0;431,262500;OFF;7,600000;25kHz;FM;RU17A-LOM;OFF;TONE;71,9Hz;88,5Hz;023;BOTH N;OFF;0;CQCQCQ;;
0;431,275000;OFF;7,600000;25kHz;FM;RU18-LOM;OFF;TONE;71,9Hz;88,5Hz;023;BOTH N;OFF;0;CQCQCQ;;
0;431,287500;OFF;7,600000;25kHz;FM;RU18A-LOM;OFF;TONE;71,9Hz;88,5Hz;023;BOTH N;OFF;0;CQCQCQ;;
0;431,300000;OFF;7,600000;25kHz;FM;RU19-LOM;OFF;TONE;71,9Hz;88,5Hz;023;BOTH N;OFF;0;CQCQCQ;;
0;431,312500;OFF;7,600000;25kHz;FM;RU19A-LOM;OFF;TONE;71,9Hz;88,5Hz;023;BOTH N;OFF;0;CQCQCQ;;
0;431,325000;OFF;7,600000;25kHz;FM;RU20-LOM;OFF;TONE;71,9Hz;88,5Hz;023;BOTH N;OFF;0;CQCQCQ;;
0;431,337500;OFF;7,600000;25kHz;FM;RU20A-LOM;OFF;TONE;71,9Hz;88,5Hz;023;BOTH N;OFF;0;CQCQCQ;;
0;431,350000;OFF;7,600000;25kHz;FM;RU21-LOM;OFF;TONE;71,9Hz;88,5Hz;023;BOTH N;OFF;0;CQCQCQ;;
0;431,362500;OFF;7,600000;25kHz;FM;RU21A-LOM;OFF;TONE;71,9Hz;88,5Hz;023;BOTH N;OFF;0;CQCQCQ;;
0;431,375000;OFF;7,600000;25kHz;FM;RU22-LOM;OFF;TONE;71,9Hz;88,5Hz;023;BOTH N;OFF;0;CQCQCQ;;
0;431,400000;OFF;7,600000;25kHz;FM;RU23-LOM;OFF;TONE;71,9Hz;88,5Hz;023;BOTH N;OFF;0;CQCQCQ;;
0;431,412500;OFF;7,600000;25kHz;FM;RU23A-LOM;OFF;TONE;71,9Hz;88,5Hz;023;BOTH N;OFF;0;CQCQCQ;;
0;431,425000;OFF;7,600000;25kHz;FM;RU24-LOM;OFF;TONE;71,9Hz;88,5Hz;023;BOTH N;OFF;0;CQCQCQ;;
0;431,437500;OFF;7,600000;25kHz;FM;RU24A-LOM;OFF;TONE;71,9Hz;88,5Hz;023;BOTH N;OFF;0;CQCQCQ;;
0;431,450000;OFF;7,600000;25kHz;FM;RU25-LOM;OFF;TONE;71,9Hz;88,5Hz;023;BOTH N;OFF;0;CQCQCQ;;
0;431,462500;OFF;7,600000;25kHz;FM;RU25A-LOM;OFF;TONE;71,9Hz;88,5Hz;023;BOTH N;OFF;0;CQCQCQ;;
0;431,475000;OFF;7,600000;25kHz;FM;RU26-LOM;OFF;TONE;71,9Hz;88,5Hz;023;BOTH N;OFF;0;CQCQCQ;;
0;431,487500;OFF;7,600000;25kHz;FM;RU26A-LOM;OFF;TONE;71,9Hz;88,5Hz;023;BOTH N;OFF;0;CQCQCQ;;
0;431,500000;OFF;7,600000;25kHz;FM;RU27-LOM;OFF;TONE;71,9Hz;88,5Hz;023;BOTH N;OFF;0;CQCQCQ;;
0;431,512500;OFF;7,600000;25kHz;FM;RU27A-LOM;OFF;TONE;71,9Hz;88,5Hz;023;BOTH N;OFF;0;CQCQCQ;;
0;431,525000;OFF;7,600000;25kHz;FM;RU28-LOM;OFF;TONE;71,9Hz;88,5Hz;023;BOTH N;OFF;0;CQCQCQ;;
0;431,537500;OFF;7,600000;25kHz;FM;RU28A-LOM;OFF;TONE;71,9Hz;88,5Hz;023;BOTH N;OFF;0;CQCQCQ;;
0;431,550000;OFF;7,600000;25kHz;FM;RU29-LOM;OFF;TONE;71,9Hz;88,5Hz;023;BOTH N;OFF;0;CQCQCQ;;
0;431,562500;OFF;7,600000;25kHz;FM;RU29A-LOM;OFF;TONE;71,9Hz;88,5Hz;023;BOTH N;OFF;0;CQCQCQ;;
0;431,575000;OFF;7,600000;25kHz;FM;RU30-LOM;OFF;TONE;71,9Hz;88,5Hz;023;BOTH N;OFF;0;CQCQCQ;;
0;431,587500;OFF;7,600000;25kHz;FM;RU30A-LOM;OFF;TONE;71,9Hz;88,5Hz;023;BOTH N;OFF;0;CQCQCQ;;
0;431,600000;OFF;7,600000;25kHz;FM;RU31-LOM;OFF;TONE;71,9Hz;88,5Hz;023;BOTH N;OFF;0;CQCQCQ;;
0;;;;;;;;;;;;;;;;;
0;;;;;;;;;;;;;;;;;
0;;;;;;;;;;;;;;;;;
0;;;;;;;;;;;;;;;;;
0;;;;;;;;;;;;;;;;;
0;;;;;;;;;;;;;;;;;
0;;;;;;;;;;;;;;;;;
0;;;;;;;;;;;;;;;;;
0;;;;;;;;;;;;;;;;;
0;;;;;;;;;;;;;;;;;
0;;;;;;;;;;;;;;;;;
0;;;;;;;;;;;;;;;;;
0;;;;;;;;;;;;;;;;;
0;;;;;;;;;;;;;;;;;
0;;;;;;;;;;;;;;;;;
0;;;;;;;;;;;;;;;;;
0;;;;;;;;;;;;;;;;;
0;;;;;;;;;;;;;;;;;
0;;;;;;;;;;;;;;;;;
0;;;;;;;;;;;;;;;;;
0;;;;;;;;;;;;;;;;;
0;;;;;;;;;;;;;;;;;
0;;;;;;;;;;;;;;;;;
0;;;;;;;;;;;;;;;;;
0;;;;;;;;;;;;;;;;;
0;;;;;;;;;;;;;;;;;
0;;;;;;;;;;;;;;;;;
0;;;;;;;;;;;;;;;;;
0;;;;;;;;;;;;;;;;;
0;;;;;;;;;;;;;;;;;
0;;;;;;;;;;;;;;;;;
0;;;;;;;;;;;;;;;;;
0;;;;;;;;;;;;;;;;;
0;;;;;;;;;;;;;;;;;
0;;;;;;;;;;;;;;;;;
0;;;;;;;;;;;;;;;;;
0;;;;;;;;;;;;;;;;;
0;;;;;;;;;;;;;;;;;
0;;;;;;;;;;;;;;;;;
0;;;;;;;;;;;;;;;;;